{
  "version": 1,
  "author": "Astra Kernel",
  "editor": "wokwi",
  "parts": [
    {
      "type": "board-esp32-devkit-c-v4",
      "id": "esp",
      "top": -86.4,
      "left": -139.16,
      "attrs": { "builder": "rust-nostd-esp" }
    },
    {
      "type": "board-ssd1306",
      "id": "oled1",
      "top": 60.74,
      "left": 153.83,
      "attrs": { "i2cAddress": "0x3c" }
    },
    {
      "type": "wokwi-pushbutton",
      "id": "btn1",
      "top": 92.6,
      "left": 38.4,
      "attrs": { "color": "yellow" }
    },
    { "type": "wokwi-buzzer", "id": "buzz1", "top": -74.4, "left": 299.4, "attrs": {} }
  ],
  "connections": [
    [ "esp:TX", "$serialMonitor:RX", "", [] ],
    [ "esp:RX", "$serialMonitor:TX", "", [] ],
    [ "oled1:GND", "esp:GND.2", "black", [ "v0" ] ],
    [ "esp:21", "oled1:SDA", "green", [ "h0" ] ],
    [ "oled1:SCL", "esp:22", "blue", [ "v0" ] ],
    [ "oled1:VCC", "esp:3V3", "red", [ "v0" ] ],
    [ "btn1:1.l", "esp:4", "gold", [ "h0" ] ],
    [ "btn1:2.r", "esp:GND.1", "black", [ "v38.6", "h-259", "v-96" ] ],
    [ "buzz1:1", "esp:5", "purple", [ "v19.2", "h-345.6" ] ],
    [ "buzz1:2", "esp:GND.3", "black", [ "h-269.2", "v-9.6" ] ]
  ],
  "serialMonitor": { "display": "terminal", "convertEol": true },
  "dependencies": {}
}

