{
  "version": 1,
  "author": "Uri Shaked",
  "editor": "wokwi",
  "parts": [
    {
      "type": "board-esp32-devkit-c-v4",
      "id": "esp",
      "top": 96,
      "left": -158.36,
      "attrs": { "fastTLS": "1" }
    },
    { "type": "wokwi-ili9341", "id": "lcd1", "top": -172, "left": 191.7, "attrs": {} },
    {
      "type": "wokwi-buzzer",
      "id": "bz1",
      "top": 117.6,
      "left": -257.4,
      "attrs": { "volume": "0.1" }
    },
    {
      "type": "wokwi-pushbutton",
      "id": "btn1",
      "top": 303.8,
      "left": 76.8,
      "attrs": { "color": "green", "xray": "1" }
    }
  ],
  "connections": [
    [ "esp:TX", "$serialMonitor:RX", "", [] ],
    [ "esp:RX", "$serialMonitor:TX", "", [] ],
    [ "lcd1:GND", "esp:GND.2", "black", [ "h-19.2", "v91.54" ] ],
    [ "lcd1:RST", "esp:4", "purple", [ "h-48", "v67.2" ] ],
    [ "lcd1:D/C", "esp:2", "#8f4814", [ "h-28.8", "v44.14" ] ],
    [ "lcd1:SCK", "esp:18", "gray", [ "v-0.01", "h-48", "v-19.2" ] ],
    [ "lcd1:MISO", "esp:19", "orange", [ "h-201.61", "v76.8", "h-172.8" ] ],
    [ "lcd1:MOSI", "esp:23", "green", [ "h-278.41", "v19.2", "h-67.2" ] ],
    [ "esp:5V", "lcd1:VCC", "red", [ "h-21.83", "v-206.3", "h201.6", "v48.5" ] ],
    [ "lcd1:CS", "esp:15", "violet", [ "h-57.6", "v105.6" ] ],
    [ "bz1:1", "esp:CMD", "green", [ "v0" ] ],
    [ "esp:13", "bz1:2", "green", [ "h0" ] ],
    [ "btn1:2.r", "esp:CMD", "green", [ "v38.6", "h-297.55" ] ],
    [ "btn1:1.l", "esp:5", "green", [ "h-9.6", "v-96" ] ]
  ],
  "dependencies": {}
}
